CIFilterName,Param1,Param2,Param3,Param4,Param5,Param6,Param7,Param8,Param9,Param10,Param11,Param12,Param13,Param14,,,,
CIAccordionFoldTransition,inputBottomHeight(0.0 to 1.0),inputNumberOfFolds(1 to 50),inputFoldShadowAmount(0.0 to 1.0),inputTime(0.0 to 1.0),,,,,,,,,,,,,,
CIAdditionCompositing,inputBackgroundImage(Image),,,,,,,,,,,,,,,,,
CIAffineClamp,inputTransform(CGAffineTransform),,,,,,,,,,,,,,,,,
CIAffineTile,inputTransform(CGAffineTransform),,,,,,,,,,,,,,,,,
CIAreaAverage,inputExtent(Rectangle),,,,,,,,,,,,,,,,,
CIAreaHistogram,inputExtent(Rectangle),inputCount(64 to 1024),inputScale(1.0 to 10.0),,,,,,,,,,,,,,,
CIAreaHistogram,inputExtent(Rectangle),inputCount(Integer),inputScale(Float),,,,,,,,,,,,,,,
CIAreaMaximum,inputExtent(Rectangle),,,,,,,,,,,,,,,,,
CIAreaMaximumAlpha,inputExtent(Rectangle),,,,,,,,,,,,,,,,,
CIAreaMinimum,inputExtent(Rectangle),,,,,,,,,,,,,,,,,
CIAreaMinimumAlpha,inputExtent(Rectangle),,,,,,,,,,,,,,,,,
CIAztecCodeGenerator,inputMessage(Data),inputCorrectionLevel(Number),inputLayers(Number),inputCompactStyle(Boolean),inputBitmapSize(Number),inputForegroundColor(Color),inputBackgroundColor(Color),,,,,,,,,,,
CIBarcodeGenerator,inputMessage(Data),inputQuietSpace(Float),inputBarcodeHeight(Float),inputBarcodeWidth(Float),inputBarcodePayload(String),inputBarcodeChecksum(Boolean),inputBarcodeTruncate(Boolean),inputIntent(String),inputCorrectionLevel(String),,,,,,,,,
CIBarsSwipeTransition,inputAngle(Float),inputWidth(Float),inputBarOffset(Float),inputTime(Float),inputTimeScale(Float),inputColor(CIColor),,,,,,,,,,,,
CIBarsSwipeTransition,inputAngle(0.0 to 6.283185307179586),inputWidth(1.0 to 1000.0),inputBarOffset(0.0 to 200.0),inputTime(0.0 to 1.0),,,,,,,,,,,,,,
CIBlendWithAlphaMask,inputMaskImage(Image),inputBackgroundImage(Image),,,,,,,,,,,,,,,,
CIBlendWithAlphaMask,inputBackgroundImage(CIImage),inputMaskImage(CIImage),,,,,,,,,,,,,,,,
CIBlendWithMask,inputMaskImage(Image),inputBackgroundImage(Image),,,,,,,,,,,,,,,,
CIBlendWithMask,inputBackgroundImage(Image),inputMaskImage(Image),,,,,,,,,,,,,,,,
CIBloom,inputRadius(0.0 to 30.0),inputIntensity(0.0 to 1.0),,,,,,,,,,,,,,,,
CIBloom,inputRadius(Scalar=10.0),inputIntensity(Scalar=1.0),,,,,,,,,,,,,,,,
CIBokehBlur,inputRadius(0.0 to 20.0),,,,,,,,,,,,,,,,,
CIBoxBlur,inputRadius(0.0 to 100.0),,,,,,,,,,,,,,,,,
CIBumpDistortion,inputCenter(Point),inputRadius(0.0 to 300.0),inputScale(-1.0 to 1.0),,,,,,,,,,,,,,,
CIBumpDistortion,inputCenter(Vector),inputRadius(0.0 to 300.0),inputScale(-1.0 to 1.0),,,,,,,,,,,,,,,
CIBumpDistortionLinear,inputCenter(Point),inputRadius(0.0 to 300.0),inputAngle(-3.14 to 3.14),inputScale(-1.0 to 1.0),,,,,,,,,,,,,,
CIBumpDistortionLinear,inputCenter(CGPoint),inputRadius(Float),inputAngle(Float),inputScale(Float),,,,,,,,,,,,,,
CIBumpDistortionLinear,inputScale(Scalar=0.5),inputAngle(Radians=0.0),inputCenter(Vector=CGPointZero),,,,,,,,,,,,,,,
CICameraCalibrationLensCorrection,inputTuningParameters(Data),inputDistortionImage(Image),,,,,,,,,,,,,,,,
CICheapBlur,inputBlur(Scalar=1.0),,,,,,,,,,,,,,,,,
CICheckerboardGenerator,inputCenter(Point),inputColor0(Color),inputColor1(Color),inputWidth(1.0 to 512.0),inputSharpness(0.0 to 1.0),,,,,,,,,,,,,
CICheckerboardGenerator,inputCenter(CIVector),inputColor0(Color),inputColor1(Color),inputWidth(Float),inputSharpness(Float),,,,,,,,,,,,,
CICheckerboardGenerator,inputCenter(Vector2),inputColor0(Color),inputColor1(Color),inputWidth(Float),,,,,,,,,,,,,,
CICircleSplashDistortion,inputCenter(Point),inputRadius(0.0 to 300.0),,,,,,,,,,,,,,,,
CICircleSplashDistortion,inputRadius(Scalar),inputCenter(Vector2),,,,,,,,,,,,,,,,
CICircleSplashDistortion,inputCenter(Vector),inputRadius(0.0 to 300.0),,,,,,,,,,,,,,,,
CICircleSplashDistortion,inputCenter(CGPoint),inputRadius(Float),,,,,,,,,,,,,,,,
CICircularScreen,inputSharpness(Scalar=0.7),inputCenter(Vector=CGPointZero),inputWidth(Scalar=6.0),inputSharpness(Scalar=0.7),,,,,,,,,,,,,,
CICircularScreen,inputCenter(Point),inputWidth(2.0 to 100.0),inputSharpness(0.0 to 1.0),,,,,,,,,,,,,,,
CICircularScreen,inputCenter(Position),inputWidth(0.0 to 2.0),inputSharpness(0.0 to 1.0),,,,,,,,,,,,,,,
CICircularScreen,inputCenter(CIVector),inputWidth(Float),inputSharpness(Float),,,,,,,,,,,,,,,
CICircularScreen,inputCenter(Vector2),inputWidth(Scalar),inputSharpness(Scalar),,,,,,,,,,,,,,,
CICMYKHalftone,inputCenter(Position),inputWidth(0.0 to 2.0),inputAngle(0 to 3.14),inputSharpness(0.01 to 1.0),inputGCR(0.0 to 1.0),inputUCR(0.0 to 1.0),,,,,,,,,,,,
CICMYKHalftone,inputCenter(CIVector),inputWidth(Float),inputAngle(Float),inputSharpness(Float),inputGCR(Float),inputUCR(Float),,,,,,,,,,,,
CICMYKHalftone,inputCenter(Vector2),inputWidth(Scalar),inputAngle(Scalar),inputSharpness(Scalar),inputGCR(Scalar),inputUCR(Scalar),,,,,,,,,,,,
CICMYKHalftone,inputSharpness(Scalar=0.7),inputCenter(Vector=CGPointZero),inputWidth(Scalar=6.0),inputAngle(Radians=0.0),inputGCR(Scalar=1.0),inputUCR(Scalar=0.5),inputSharpness(Scalar=0.7),inputSharpness(Scalar=0.7),,,,,,,,,,
CICode128BarcodeGenerator,inputMessage(Data),inputQuietSpace(Float),inputBarcodeHeight(Float),inputBarcodeWidth(Float),inputBarcodePayload(String),inputBarcodeChecksum(Boolean),inputBarcodeTruncate(Boolean),inputQuietSpaceLeft(Float),inputQuietSpaceRight(Float),,,,,,,,,
CICode128BarcodeGenerator,inputMessage(String),,,,,,,,,,,,,,,,,
CIColorBlendMode,inputBackgroundImage(Image),,,,,,,,,,,,,,,,,
CIColorBurnBlendMode,inputBackgroundImage(CIImage),,,,,,,,,,,,,,,,,
CIColorBurnBlendMode,inputBackgroundImage(Image),,,,,,,,,,,,,,,,,
CIColorClamp,inputMinComponents(RGBA 0.0 to 1.0),inputMaxComponents(RGBA 0.0 to 1.0),,,,,,,,,,,,,,,,
CIColorClamp,inputMinComponents(RGBA),inputMaxComponents(RGBA),,,,,,,,,,,,,,,,
CIColorClamp,inputMinComponents(Vector),inputMaxComponents(Vector),,,,,,,,,,,,,,,,
CIColorClamp,inputMinComponents(Vector=0.0 0.0 0.0 0.0),inputMaxComponents(Vector=1.0 1.0 1.0 1.0),,,,,,,,,,,,,,,,
CIColorControls,inputSaturation(Float),inputBrightness(Float),inputContrast(Float),,,,,,,,,,,,,,,
CIColorControls,inputSaturation(Scalar=1.0),inputBrightness(Scalar=0.0),inputContrast(Scalar=1.0),,,,,,,,,,,,,,,
CIColorControls,inputBrightness(-1.0 to 1.0),inputContrast(0.0 to 2.0),inputSaturation(0.0 to 2.0),,,,,,,,,,,,,,,
CIColorControls,inputBrightness(-1.0 to 1.0),inputContrast(0.0 to 4.0),inputSaturation(0.0 to 2.0),,,,,,,,,,,,,,,
CIColorCrossPolynomial,inputRedCoefficients(matrix),inputGreenCoefficients(matrix),inputBlueCoefficients(matrix),,,,,,,,,,,,,,,
CIColorCrossPolynomial,inputRedCoefficients(Vector),inputGreenCoefficients(Vector),inputBlueCoefficients(Vector),,,,,,,,,,,,,,,
CIColorCrossPolynomial,inputCoefficients(Vector),,,,,,,,,,,,,,,,,
CIColorCrossPolynomial,inputCoefficients(VectorN),,,,,,,,,,,,,,,,,
CIColorCube,inputCubeDimension(Float),inputCubeData(Data),,,,,,,,,,,,,,,,
CIColorCube,inputCubeData(data),inputCubeDimension(2 to 128),,,,,,,,,,,,,,,,
CIColorCube,inputCubeData(Image),inputCubeDimension(2 to 128),,,,,,,,,,,,,,,,
CIColorCubeWithColorSpace,inputCubeDimension(Float),inputCubeData(Data),inputColorSpace(ColorSpace,,,,,,,,,,,,,,,
CIColorCubeWithColorSpace,inputCubeDimension(2 to 128),inputCubeData(Image),inputColorSpace(ColorSpace),,,,,,,,,,,,,,,
CIColorCubeWithColorSpace,inputCubeData(data),inputCubeDimension(2 to 128),inputColorSpace(ColorSpace),,,,,,,,,,,,,,,
CIColorCubeWithColorSpace,inputData(Data),inputCubeDimension(Scalar),inputColorSpace(ColorSpace),,,,,,,,,,,,,,,
CIColorCurves,inputCurvesData(data),inputCurvesDomain(vector),inputCurvesControlPoint0(vector),inputCur,,,,,,,,,,,,,,
CIColorCurves,inputCurvesData(Data),,,,,,,,,,,,,,,,,
CIColorDodgeBlendMode,inputBackgroundImage(CIImage),,,,,,,,,,,,,,,,,
CIColorInvert,,,,,,,,,,,,,,,,,,
CIColorMap,inputGradientImage(CIImage),,,,,,,,,,,,,,,,,
CIColorMap,inputGradientImage(Image),,,,,,,,,,,,,,,,,
CIColorMatrix,inputRVector(Vector),inputGVector(Vector),inputBVector(Vector),inputAVector(Vector),inputBiasVector(Vector),,,,,,,,,,,,,
CIColorMonochrome,inputColor(Color),inputIntensity(0.0 to 1.0),,,,,,,,,,,,,,,,
CIColorMonochrome,inputColor(RGBA),inputIntensity(0.0 to 1.0),,,,,,,,,,,,,,,,
CIColorMonochrome,inputColor(Color),inputIntensity(Scalar),,,,,,,,,,,,,,,,
CIColorPolynomial,inputRedCoefficients(matrix),inputGreenCoefficients(matrix),inputBlueCoefficients(matrix),inputAlphaCoefficients(matrix),,,,,,,,,,,,,,
CIColorPolynomial,inputRedCoefficients(Vector),inputGreenCoefficients(Vector),inputBlueCoefficients(Vector),inputAlphaCoefficients(Vector),,,,,,,,,,,,,,
CIColorPolynomial,inputRedCoefficients(VectorN),inputGreenCoefficients(VectorN),inputBlueCoefficients(VectorN),inputAlphaCoefficients(VectorN),,,,,,,,,,,,,,
CIColorPosterize,inputLevels(2 to 100),,,,,,,,,,,,,,,,,
CIColorPosterize,inputLevels(2 to 255),,,,,,,,,,,,,,,,,
CIColorPosterize,inputLevels(Scalar),,,,,,,,,,,,,,,,,
CIComicEffect,inputCenter(Float),inputAngle(Float),inputWidth(Float),inputSharpness(Float),,,,,,,,,,,,,,
CIComicEffect,inputThreshold(0.0 to 1.0),inputIntensity(0.0 to 1.0),,,,,,,,,,,,,,,,
CIConstantColorGenerator,inputColor(Color),,,,,,,,,,,,,,,,,
CIConvolution3X3,inputWeights(matrix),inputBias(0.0 to 1.0),,,,,,,,,,,,,,,,
CIConvolution3X3,inputWeights(Matrix),inputBias(0.0 to 1.0),,,,,,,,,,,,,,,,
CIConvolution3X3,inputWeights(Matrix),inputBias(Float),,,,,,,,,,,,,,,,
CIConvolution3X3,inputWeights(Vector9),inputBias(Scalar),,,,,,,,,,,,,,,,
CIConvolution5X5,inputWeights(matrix),inputBias(0.0 to 1.0),,,,,,,,,,,,,,,,
CIConvolution5X5,inputWeights(Matrix),inputBias(0.0 to 1.0),,,,,,,,,,,,,,,,
CIConvolution5X5,inputWeights(Matrix),inputBias(Float),,,,,,,,,,,,,,,,
CIConvolution5X5,inputWeights(Vector25),inputBias(Scalar),,,,,,,,,,,,,,,,
CIConvolution7X7,inputWeights(Matrix),inputBias(Float),,,,,,,,,,,,,,,,
CIConvolution7X7,inputWeights(Vector49),inputBias(Scalar),,,,,,,,,,,,,,,,
CIConvolution9Horizontal,inputWeights(matrix),inputBias(0.0 to 1.0),,,,,,,,,,,,,,,,
CIConvolution9Horizontal,inputWeights(Vector),inputBias(0.0 to 1.0),,,,,,,,,,,,,,,,
CIConvolution9Horizontal,inputWeights(Vector9),inputBias(Scalar),,,,,,,,,,,,,,,,
CIConvolution9Vertical,inputWeights(matrix),inputBias(0.0 to 1.0),,,,,,,,,,,,,,,,
CIConvolution9Vertical,inputWeights(Vector),inputBias(0.0 to 1.0),,,,,,,,,,,,,,,,
CIConvolution9Vertical,inputWeights(Vector9),inputBias(Scalar),,,,,,,,,,,,,,,,
CICopyMachineTransition,inputExtent(Rect),inputColor(CIColor),inputTime(Scalar),inputAngle(Scalar),inputWidth(Scalar),,,,,,,,,,,,,
CICopyMachineTransition,inputTime(0.0 to 1.0),inputWidth(0.0 to 300.0),inputOpacity(0.0 to 1.0),inputColor(Color),inputAngle(0.0 to 2 * pi),,,,,,,,,,,,,
CICopyMachineTransition,inputExtent(Rectangle),inputColor(Float[4]),inputTime(Float),,,,,,,,,,,,,,,
CICrop,inputRectangle(Rect),,,,,,,,,,,,,,,,,
CICrystallize,inputRadius(5.0 to 200.0),inputCenter(Position),,,,,,,,,,,,,,,,
CICrystallize,inputRadius(Float),inputCenter(Vector2),inputRefraction(Float),,,,,,,,,,,,,,,
CIDarkenBlendMode,inputBackgroundImage(Image),,,,,,,,,,,,,,,,,
CIDepthOfField,inputPoint0(Position),inputPoint1(Position),inputSaturation(0.0 to 2.0),inputUnsharpMaskRadius(0.5 to 20.0),inputUnsharpMaskIntensity(0.0 to 2.0),inputRadius(0.0 to 20.0),,,,,,,,,,,,
CIDepthOfField,inputPoint0(CGPoint),inputPoint1(CGPoint),inputSaturation(Float),inputUnsharpMaskRadius(Float),inputUnsharpMaskIntensity(Float),inputRadius(Float),,,,,,,,,,,,
CIDepthOfField,point0(CGPoint),point1(CGPoint),saturation(Float),unsharpMaskRadius(Float),unsharpMaskIntensity(Float),radius(Float),,,,,,,,,,,,
CIDepthOfFieldEffect,focusRect(CGRect),radius(Float),,,,,,,,,,,,,,,,
CIDifferenceBlendMode,inputBackgroundImage(Image),,,,,,,,,,,,,,,,,
CIDisintegrateWithMaskTransition,inputMaskImage(Image),inputTime(0.0 to 1.0),inputShadowRadius(0.0 to 200.0),inputShadowDensity(0.0 to 1.0),inputShadowOffset(Vector),inputColor(Color),,,,,,,,,,,,
CIDisintegrateWithMaskTransition,inputMaskImage(Image),inputTime(Float),inputShadowRadius(Float),inputShadowDensity(Float),inputShadowOffset(Vector2),inputWidth(Float),inputScale(Float),,,,,,,,,,,
CIDisintegrateWithMaskTransition,inputMaskImage(Image),inputTime(0.0 to 1.0),inputShadowRadius(0.0 to 200.0),inputShadowDensity(0.0 to 1.0),inputShadowOffset(Position),,,,,,,,,,,,,
CIDisplacementDistortion,inputDisplacementImage(Image),inputScale(0.0 to 200.0),,,,,,,,,,,,,,,,
CIDisplacementDistortion,inputDisplacementImage(Image),inputScale(0.0 to 200.0),,,,,,,,,,,,,,,,
CIDisplacementDistortion,inputDisplacementImage(CIImage),inputScale(CGFloat),,,,,,,,,,,,,,,,
CIDissolveTransition,inputTime(0.0 to 1.0),inputWidth(0.0 to 300.0),inputOpacity(0.0 to 1.0),,,,,,,,,,,,,,,
CIDither,intensity(Float),,,,,,,,,,,,,,,,,
CIDocumentEnhancer,amount(Float),,,,,,,,,,,,,,,,,
CIDotScreen,inputCenter(Vector),inputAngle(0.0 to pi),inputWidth(2.0 to 200.0),inputSharpness(0.0 to 1.0),,,,,,,,,,,,,,
CIDotScreen,inputCenter(Position),inputAngle(0 to 3.14),inputWidth(0.0 to 2.0),inputSharpness(0.01 to 1.0),,,,,,,,,,,,,,
CIDotScreen,center(CGPoint),angle(Float),width(Float),sharpness(Float),,,,,,,,,,,,,,
CIDroste,inputInsetPoint0(CGPoint),inputInsetPoint1(CGPoint),inputStrands(Float),inputPeriodicity(Float),inputRotation(Float),inputZoom(Float),inputRevolutions(Float),inputCenter(CGPoint),,,,,,,,,,
CIDroste,inputInsetPoint0(Vector2),inputInsetPoint1(Vector2),inputStrands(Float),inputPeriodicity(Float),inputRotation(Float),inputZoom(Float),inputCenter(Vector2),inputRevolutions(Float),,,,,,,,,,
CIDroste,insetPoint0(CGPoint),insetPoint1(CGPoint),strands(Float),periodicity(Float),rotation(Float),zoom(Float),,,,,,,,,,,,
CIDroste,inputInsetPoint0(Position),inputInsetPoint1(Position),inputStrands(1 to 100),inputPeriod,,,,,,,,,,,,,,
CIEdges,inputIntensity(Float),,,,,,,,,,,,,,,,,
CIEdgeWork,inputRadius(Float),,,,,,,,,,,,,,,,,
CIEdgeWork,inputRadius(Float),,,,,,,,,,,,,,,,,
CIEightfoldReflectedTile,inputAngle(Float),inputWidth(Float),inputAcuteAngle(Float),inputSharpness(Float),,,,,,,,,,,,,,
CIEightfoldReflectedTile,inputCenter(Vector),inputAngle(0.0 to 2 * pi),inputWidth(2.0 to 200.0),,,,,,,,,,,,,,,
CIEightfoldReflectedTile,inputCenter(CGPoint),inputAngle(Float),inputWidth(Float),,,,,,,,,,,,,,,
CIEightfoldReflectedTile,angle(Float),width(Float),acuteAngle(Float),,,,,,,,,,,,,,,
CIEllipseSplashDistortion,inputRadius(Float),inputCenter(Vector2),inputCylinderRadius(Float),,,,,,,,,,,,,,,
CIErode,inputRadius(Float),,,,,,,,,,,,,,,,,
CIExclusionBlendMode,inputBackgroundImage(Image),,,,,,,,,,,,,,,,,
CIExposureAdjust,ev(Float),,,,,,,,,,,,,,,,,
CIExposureAdjust,inputEV(-10.0 to 10.0),,,,,,,,,,,,,,,,,
CIFalseColor,color0(CIColor),color1(CIColor),,,,,,,,,,,,,,,,
CIFalseColor,inputColor0(Color),inputColor1(Color),,,,,,,,,,,,,,,,
CIFlashTransition,inputCenter(X=0.0 to 1.0,Y=0.0 to 1.0),inputExtent(Rectangle),inputMaxStriationRadius(0.0 to 160.0),inputStriationStrength(0.0 to 3.0),inputStriationContrast(0.0 to 1.0),inputFadeThreshold(0.0 to 1.0),,,,,,,,,,,
CIFlashTransition,inputCenter(Vector),inputExtent(Rect),inputColor(Color),inputMaxStriationRadius(0.0 to 300.0),inputStriationStrength(0.0 to 3.0),inputStriationContrast(0.0 to 3.0),inputFadeThreshold(0.0 to 1.0),,,,,,,,,,,
CIFlashTransition,inputCenter(Vector2),inputExtent(Rectangle),inputColor(Float[4]),inputMaxStriationRadius(Float),inputStriationStrength(Float),inputStriationContrast(Float),inputFadeThreshold(Float),inputTime(Float),,,,,,,,,,
CIFlashTransition,targetImage(CIImage),center(CGPoint),extent(CGRect),color(CIColor),maxStriationRadius(Float),striationStrength(Float),striationContrast(Float),fadeThreshold(Float),,,,,,,,,,
CIFourfoldReflectedTile,inputAngle(Float),inputWidth(Float),inputAcuteAngle(Float),inputSharpness(Float),,,,,,,,,,,,,,
CIFourfoldReflectedTile,inputCenter(CGPoint),inputAngle(Float),inputAcuteAngle(Float),inputWidth(Float),,,,,,,,,,,,,,
CIFourfoldReflectedTile,angle(Float),width(Float),acuteAngle(Float),,,,,,,,,,,,,,,
CIFourfoldRotatedTile,inputAngle(Float),inputWidth(Float),inputAcuteAngle(Float),inputSharpness(Float),,,,,,,,,,,,,,
CIFourfoldRotatedTile,inputCenter(CGPoint),inputAngle(Float),inputWidth(Float),,,,,,,,,,,,,,,
CIFourfoldRotatedTile,angle(Float),width(Float),,,,,,,,,,,,,,,,
CIFourfoldTranslatedTile,inputAngle(Float),inputWidth(Float),inputAcuteAngle(Float),inputSharpness(Float),,,,,,,,,,,,,,
CIFourfoldTranslatedTile,inputCenter(CGPoint),inputAngle(Float),inputAcuteAngle(Float),,,,,,,,,,,,,,,
CIFourfoldTranslatedTile,angle(Float),width(Float),acuteAngle(Float),,,,,,,,,,,,,,,
CIGammaAdjust,inputPower(Float),,,,,,,,,,,,,,,,,
CIGammaAdjust,power(Float),,,,,,,,,,,,,,,,,
CIGaussianBlur,inputRadius(Float),,,,,,,,,,,,,,,,,
CIGaussianBlur,radius(Float),,,,,,,,,,,,,,,,,
CIGaussianGradient,center(CGPoint),color0(CIColor),color1(CIColor),radius(Float),,,,,,,,,,,,,,
CIGlideReflectedTile,inputAngle(Float),inputWidth(Float),inputAcuteAngle(Float),inputSharpness(Float),,,,,,,,,,,,,,
CIGlideReflectedTile,center(CGPoint),angle(Float),width(Float),,,,,,,,,,,,,,,
CIGloom,inputRadius(Float),inputIntensity(Float),,,,,,,,,,,,,,,,
CIGloom,radius(Float),intensity(Float),,,,,,,,,,,,,,,,
CIHatchedScreen,center(CGPoint),angle(Float),width(Float),sharpness(Float),,,,,,,,,,,,,,
CIHatchedScreen,inputAngle(Float),inputWidth(Float),,,,,,,,,,,,,,,,
CIHeightFieldFromMask,radius(Float),,,,,,,,,,,,,,,,,
CIHexagonalPixellate,center(CGPoint),scale(Float),,,,,,,,,,,,,,,,
CIHighlightShadowAdjust,inputHighlightAmount(Float),inputShadowAmount(Float),,,,,,,,,,,,,,,,
CIHighlightShadowAdjust,highlightAmount(Float),shadowAmount(Float),,,,,,,,,,,,,,,,
CIHoleDist,,,,,,,,,,,,,,,,,,
CIHoleDistortion,center(CGPoint),radius(Float),,,,,,,,,,,,,,,,
CIHueAdjust,angle(Float),,,,,,,,,,,,,,,,,
CIHueAdjust,inputAngle(-3.14 to 3.14),,,,,,,,,,,,,,,,,
CIKaleidoscope,inputCount(1 to 100),inputAngle(0.0 to 6.28),inputCenter(x=0.0 to 1.0,y=0.0 to 1.0),inputRotation(0.0 to 6.28),inputScale(0.25 to 25.0),,,,,,,,,,,,
CIKaleidoscope,center(CGPoint),count(Float),angle(Float),,,,,,,,,,,,,,,
CIKeystoneCorrectionCombined,topLeft(CGPoint),topRight(CGPoint),bottomRight(CGPoint),bottomLeft(CGPoint),,,,,,,,,,,,,,
CIKeystoneCorrectionHorizontal,top(CGFloat),bottom(CGFloat),,,,,,,,,,,,,,,,
CIKeystoneCorrectionVertical,left(CGFloat),right(CGFloat),,,,,,,,,,,,,,,,
CILabDeltaE,inputImage2(Image),inputLWeight(1.0 to 5.0),inputCWeight(1.0 to 10.0),inputHWeight(1.0 to 5.0),,,,,,,,,,,,,,
CILabDeltaE,image2(CIImage),,,,,,,,,,,,,,,,,
CILanczosScaleTransform,scale(Float),aspectRatio(Float),,,,,,,,,,,,,,,,
CILanczosScaleTransform,inputScale(0.25 to 5.0),inputAspectRatio(0.1 to 10.0),,,,,,,,,,,,,,,,
CILenticularHaloGenerator,inputCenter(x=0.0 to 1.0,y=0.0 to 1.0),inputColor(Color),inputHaloRadius(10.0 to 70.0),inputHaloWidth(0.0 to 35.0),inputHaloOverlap(0.0 to 1.0),inputStriationStrength(0.0 to 1.0),inputStriationContrast(0.0 to 10.0),inputTime(0.0 to 100000.0),,,,,,,,,
CILenticularHaloGenerator,center(x=0.5 y=0.5),haloRadius(70.0),haloWidth(87.0),haloOverlap(0.77),striationStrength(0.5),striationContrast(1.37),time(0.0),,,,,,,,,,,
CILenticularHaloGenerator,center(CGPoint),color(CIColor),haloRadius(Float),haloWidth(Float,,,,,,,,,,,,,,
CILightTunnel,center(vector=2),rotation(valueType=0),radius(valueType=0),,,,,,,,,,,,,,,
CILinearBurnBlendMode,inputBackgroundImage(TypeImage),,,,,,,,,,,,,,,,,
CILinearDodgeBlendMode,inputBackgroundImage(TypeImage),,,,,,,,,,,,,,,,,
CILinearGradient,inputPoint0(vector=2),inputPoint1(vector=2),color0(color),color1(color),,,,,,,,,,,,,,
CILinearGradient,point0(x=0.0 y=0.0),point1(x=200.0 y=200.0),color0(Color),color1(Color),,,,,,,,,,,,,,
CILinearToSRGBToneCurve,,,,,,,,,,,,,,,,,,
CILineOverlay,NRNoiseLevel(valueType=0),NRSharpness(valueType=0),edgeIntensity(valueType=0),threshold(valueType=0),contrast(valueType=0),grayscale(valueType=0),,,,,,,,,,,,
CILineOverlay,inputNRNoiseLevel(0.0 to 1.0),inputNRSharpness(0.0 to 1.0),inputEdgeIntensity(0.0 to 1.0),inputThreshold(0.0 to 1.0),inputContrast(0.0 to 1.0),inputEdgeThreshold(0.0 to 1.0),,,,,,,,,,,,
CILineOverlay,NRNoiseLevel(0.07),NRSharpness(0.71),edgeIntensity(1.0),threshold(0.1),contrast(50.0),,,,,,,,,,,,,
CILineScreen,inputCenter(x=0.0 to 1.0,y=0.0 to 1.0),inputAngle(-3.14 to 3.14),inputWidth(2.0 to 160.0),inputSharpness(0.0 to 1.0),,,,,,,,,,,,,
CILineScreen,center(x=150.0 y=150.0),angle,width(6.0),sharpness(0.7),,,,,,,,,,,,,,
CILuminosityBlendMode,inputBackgroundImage(CIImage),,,,,,,,,,,,,,,,,
CILuminosityBlendMode,inputBackgroundImage(TypeImage),,,,,,,,,,,,,,,,,
CIMaskToAlpha,,,,,,,,,,,,,,,,,,
CIMaximumComponent,,,,,,,,,,,,,,,,,,
CIMaximumCompositing,inputBackgroundImage(CIImage),,,,,,,,,,,,,,,,,
CIMaximumCompositing,inputBackgroundImage(TypeImage),,,,,,,,,,,,,,,,,
CIMedianFilter,,,,,,,,,,,,,,,,,,
CIMinimumComponent,,,,,,,,,,,,,,,,,,
CIMinimumCompositing,inputBackgroundImage(CIImage),,,,,,,,,,,,,,,,,
CIMinimumCompositing,inputBackgroundImage(TypeImage),,,,,,,,,,,,,,,,,
CIMirror,inputAngle(CIVector),,,,,,,,,,,,,,,,,
CIMix,inputBackgroundImage(CIImage),inputAmount(CGFloat),,,,,,,,,,,,,,,,
CIModTransition,inputTargetImage(TypeImage),inputTime(0.0),inputRadius(150.0),inputCenter(Vector),,,,,,,,,,,,,,
CIModTransition,inputCenter(X=0.0 to 1.0,Y=0.0 to 1.0),inputAngle(-3.14 to 3.14),inputRadius(0.0 to 300.0),,,,,,,,,,,,,,
CIModTransition,inputCenter(CIVector),inputTime(CGFloat),inputAngle(CGFloat),inputRadius(CGFloat),,,,,,,,,,,,,,
CIModTransition,inputCenter(vector=2),inputTime(valueType=0),inputAngle(valueType=0),inputRadius(valueType=0),,,,,,,,,,,,,,
CIMorphologyGradient,inputRadius(CGFloat),,,,,,,,,,,,,,,,,
CIMorphologyMaximum,inputRadius(CGFloat),,,,,,,,,,,,,,,,,
CIMotionBlur,inputRadius(20.0),inputAngle(0.0),inputImage(TypeImage),,,,,,,,,,,,,,,
CIMotionBlur,inputRadius(CGFloat),inputAngle(CGFloat),,,,,,,,,,,,,,,,
CIMotionBlur,inputRadius(valueType=0),inputAngle(valueType=0),,,,,,,,,,,,,,,,
CINoiseReduction,inputNoiseLevel(0.02),inputSharpness(0.4),inputImage(TypeImage),,,,,,,,,,,,,,,
CINoiseReduction,inputNoiseLevel(CGFloat),inputSharpness(CGFloat),,,,,,,,,,,,,,,,
CINoiseReduction,inputNoiseLevel(valueType=0),inputSharpness(valueType=0),,,,,,,,,,,,,,,,
CIOpacity,inputOpacity(1.0),,,,,,,,,,,,,,,,,
CIOpacity,inputOpacity(CGFloat),,,,,,,,,,,,,,,,,
CIOpTile,inputCenter(Vector),inputScale(2.8),inputAngle(0.0),inputWidth(65.0),inputOpacity(1.0),inputEdge(1.0),inputShading(Color),inputAcuteAngle(1.57),inputLightIntensity(1.0),inputSmallSpotThreshold(0.3),inputSpotSoftness(0.3),inputSpotSize(2.5),inputNRNoiseLevel(0.07),inputNRSharpness(0.71),inputEdgeIntensity(1.0),inputThreshold(0.1),inputContrast(50.0),inputTime(0.0)
CIOpTile,center(vector=2),scale(valueType=0),angle(valueType=0),width(valueType=0),acuteAngle(valueType=0),count(valueType=0),,,,,,,,,,,,
CIOpTile,inputCenter(CIVector),inputScale(CGFloat),inputAngle(CGFloat),inputWidth(CGFloat),inputOpacity(CGFloat),,,,,,,,,,,,,
CIOpTile2,inputCenter(CIVector),inputScale(CGFloat),inputAngle(CGFloat),inputWidth(CGFloat),inputOpacity(CGFloat),,,,,,,,,,,,,
CIOverlayBlendMode,inputBackgroundImage(CIImage),,,,,,,,,,,,,,,,,
CIOverlayBlendMode,inputBackgroundImage(TypeImage),,,,,,,,,,,,,,,,,
CIPageCurlTransition,inputTargetImage(TypeImage),inputBacksideImage(TypeImage),inputShadingImage(TypeImage),inputExtent(Rectangle),inputTime(0.0),inputAngle(0.0),inputRadius(100.0),inputCompression(0.8),,,,,,,,,,
CIPageCurlTransition,inputBacksideImage(CIImage),inputShadingImage(CIImage),inputExtent(CIVector),inputTime(CGFloat),inputAngle(CGFloat),inputRadius(CGFloat),,,,,,,,,,,,
CIPageCurlTransition,inputBacksideImage(CIImage),inputShadingImage(CIImage),inputExtent(rectangle),inputTime(valueType=0),inputAngle(valueType=0),inputRadius(valueType=0),inputShadowSize(valueType=0),inputShadowAmount(valueType=0),inputShadowExtent(rectangle),inputTargetExtent(rectangle),,,,,,,,
CIPageCurlTransition,inputBacksideImage(Image),inputShadingImage(Image),inputExtent(Rectangle),inputAngle(0.0 to 6.28),inputRadius(0.0 to 1.0),inputShadowSize(0.0 to 0.5),inputShadowAmount(0.0 to 1.0),inputShadowExtent(Rectangle),inputTime(0.0 to 1.0),,,,,,,,,
CIPageCurlWithShadowTransition,inputTargetImage(TypeImage),inputBacksideImage(TypeImage),inputShadingImage(TypeImage),inputExtent(Rectangle),inputTime(0.0),inputAngle(0.0),inputRadius(100.0),inputShadowSize(0.5),inputShadowAmount(0.7),inputShadowExtent(Rectangle),inputCompression(0.8),,,,,,,
CIPageCurlWithShadowTransition,inputBacksideImage(CIImage),inputShadingImage(CIImage),inputExtent(CIVector),inputTime(CGFloat),inputAngle(CGFloat),inputRadius(CGFloat),inputShadowSize(CGFloat),inputShadowAmount(CGFloat),inputShadowExtent(CIVector),inputShadowLightPosition(CIVector),,,,,,,,
CIPageCurlWithShadowTransition,inputBacksideImage(CIImage),inputShadingImage(CIImage),inputExtent(rectangle),inputTime(valueType=0),inputAngle(valueType=0),inputRadius(valueType=0),inputShadowSize(valueType=0),inputShadowAmount(valueType=0),inputShadowExtent(rectangle),inputTargetExtent(rectangle),,,,,,,,
CIPageCurlWithShadowTransition,inputBacksideImage(Image),inputExtent(Rectangle),inputAngle(0.0 to 6.28),inputRadius(,,,,,,,,,,,,,,
CIParallelogramTile,inputCenter(Vector),inputAngle(0.0),inputAcuteAngle(1.57),inputWidth(100.0),inputHeight(100.0),inputSharpness(0.7),inputImage(Type,,,,,,,,,,,
CIParallelogramTile,inputCenter(CIVector),inputAngle(CGFloat),inputAcuteAngle(CGFloat),inputWidth(CGFloat),,,,,,,,,,,,,,
CIPDF417BarcodeGenerator,inputData(data),inputCorrectionLevel(valueType=0),inputCompactStyle(valueType=0),inputRows(valueType=0),inputColumns(valueType=0),inputPreferredAspectRatio(valueType=0),inputCompactionMode(valueType=0),inputCompactStyle(valueType=0),inputCharacterSet(string),inputAlwaysSpecifyCompaction(valueType=0),,,,,,,,
CIPerspective,,,,,,,,,,,,,,,,,,
CIPerspectiveCorrection,topLeft(vector=2),topRight(vector=2),bottomRight(vector=2),bottomLeft(vector=2),,,,,,,,,,,,,,
CIPerspectiveCorrection,inputTopLeft(CIVector),inputTopRight(CIVector),inputBottomRight(CIVector),inputBottomLeft(CIVector),,,,,,,,,,,,,,
CIPerspectiveTile,topLeft(vector=2),topRight(vector=2),bottomRight(vector=2),bottomLeft(vector=2),,,,,,,,,,,,,,
CIPerspectiveTile,inputTopLeft(CIVector),inputTopRight(CIVector),inputBottomRight(CIVector),inputBottomLeft(CIVector),,,,,,,,,,,,,,
CIPerspectiveTransform,inputTopLeft(CIVector),inputTopRight(CIVector),inputBottomRight(CIVector),inputBottomLeft(CIVector),,,,,,,,,,,,,,
CIPhoto,,,,,,,,,,,,,,,,,,
CIPhotoEffectChrome,,,,,,,,,,,,,,,,,,
CIPhotoEffectFade,,,,,,,,,,,,,,,,,,
CISpot,inputLightPosition(vector=150.0 150.0 150.0),inputBrightness(valueType=0-4),inputConcentration(valueType=0-4),inputColor(color=1.0 1.0 1,,,,,,,,,,,,,,
CISpotColor,inputCenterColor1(vector=4),inputReplacementColor1(vector=4),inputCloseness1(valueType=1),inputContrast1(valueType=1),inputCenterColor2(vector=4),inputReplacementColor2(vector=4),inputCloseness2(valueType=1),inputContrast2(valueType=1),inputCenterColor3(vector=4),inputReplacementColor3(vector=4),inputCloseness3(valueType=1),inputContrast3(valueType=1),,,,,,
CISpotColor,inputCenterColor1(vector=4),inputReplacementColor1(vector=4),inputCloseness1(valueType=1),inputContrast1(valueType=1),inputCenterColor2(vector=4),inputReplacementColor2(vector=4),inputCloseness2(valueType=1),inputContrast2(valueType=1),inputCenterColor3(vector=4),inputReplacementColor3(vector=4),inputCloseness3(valueType=1),inputContrast3(valueType=1),,,,,,
CISpotColor,inputCenterColor(color=1.0 0.8 0.6 1.0),inputReplacementColor(color=0.2 0.2 0.2 1.0),inputCloseness(valueType=0-4),inputContrast(valueType=0-4),,,,,,,,,,,,,,
CISpotGradient,inputCenter(vector=150.0 150.0),inputRadius0(valueType=0-4),inputRadius1(valueType=0-4),inputColor0(color=1.0 1.0 1.0 1.0),inputColor1(color=0.0 0.0 0.0 1.0),,,,,,,,,,,,,
CISpotGradient,inputCenter(vector=2),inputColor0(vector=4),inputColor1(vector=4),inputRadius(valueType=1),,,,,,,,,,,,,,
CISpotLight,inputBrightness(valueType=0-4),inputConcentration(valueType=0-4),inputColor(color=1.0 1.0 1.0 1.0),inputLightPosition(vector=150.0 150.0 150.0),inputLightPointsAt(vector=150.0 150.0 0.0),inputFalloff(valueType=0-4),inputInnerRadius(valueType=0-4),,,,,,,,,,,
CISpotLight,inputLightPosition(vector=3),inputBrightness(valueType=1),inputConcentration(valueType=1),inputColor(vector=3),inputLightPointsAt(vector=3),inputLightingType(valueType=0),,,,,,,,,,,,
CISpotLight,inputLightPosition(vector=3),inputBrightness(valueType=1),inputConcentration(valueType=1),inputColor(vector=3),inputLightPointsAt(vector=3),inputLightingType(valueType=0),,,,,,,,,,,,
CIStraighten,inputAngle(valueType=1),,,,,,,,,,,,,,,,,
CIStretchCrop,inputCropAmount(vector=2),inputCenterStretchAmount(vector=2),,,,,,,,,,,,,,,,
CIStretchCrop,inputCropAmount(vector=2),inputCenterStretchAmount(vector=2),,,,,,,,,,,,,,,,
CISunbeamsGenerator,inputSunRadius(valueType=1),inputMaxStriationRadius(valueType=1),inputStriationStrength(valueType=1),inputStriationContrast(valueType=1),inputTime(valueType=1),,,,,,,,,,,,,
CISunbeamsGenerator,inputSunRadius(valueType=1),inputMaxStriationRadius(valueType=1),inputStriationStrength(valueType=1),inputStriationContrast(valueType=1),inputTime(valueType=1),,,,,,,,,,,,,
CITangent,,,,,,,,,,,,,,,,,,
CITangentDelta,,,,,,,,,,,,,,,,,,
CITape,inputTime(valueType=0-4),inputWidth(valueType=0-4),inputOpacity(valueType=0-4),inputRoundedCornerRadius(valueType=0-4),,,,,,,,,,,,,,
CITaper,inputAngle(valueType=0-4),inputWidth(valueType=0-4),inputOpacity(valueType=0-4),inputScale(valueType=0-4),,,,,,,,,,,,,,
CITargetedCorrection,inputCorrectionImage,inputTargetImage,,,,,,,,,,,,,,,,
CITemperatureAndTint,inputNeutral(vector=2),inputTargetNeutral(vector=2),,,,,,,,,,,,,,,,
CITemplateMatching,inputTemplateImage(matrix=1 2 3 4),inputSearch,,,,,,,,,,,,,,,,
CITemplateMatching,inputTemplateImage(matrix=1 2 3 4),inputSearchSize(vector=2),inputAccuracy(valueType=1),,,,,,,,,,,,,,,
CITetrahedralize,inputThreshold(valueType=0-4),inputSmoothness(valueType=0-4),inputAccurateZ(valueType=0-4),inputIsoSurface(valueType=0-4),,,,,,,,,,,,,,
CITextDetector,,,,,,,,,,,,,,,,,,
CITextEffectLetterpress,inputHighlightAmount(valueType=1),inputShadowAmount(valueType=1),,,,,,,,,,,,,,,,
CITextImageGenerator,inputText(string=0),inputFontName(string=0),inputFontSize(valueType=1),,,,,,,,,,,,,,,
CIThermal,,,,,,,,,,,,,,,,,,
CIThermo,,,,,,,,,,,,,,,,,,
CIThinLens,inputFocalLength(valueType=1),inputAperture(valueType=1),inputRadius(valueType=1),inputTargetBlur(valueType=1),inputImmersion(valueType=1),inputChromaticAberration(vector=2),,,,,,,,,,,,
CIThreefoldMirror,inputCount(valueType=0-4),inputCenter(vector=150.0 150.0),inputAngle(valueType=0-4),,,,,,,,,,,,,,,
CITriangleKaleidoscope,inputCount(valueType=0-4),inputRotation(valueType=0-4),inputSize(valueType=0-4),inputCenter(vector=150.0 150.0),,,,,,,,,,,,,,
CITriangleTile,inputCenterOffset(vector=2),inputAngle(valueType=2),inputWidth(valueType=2),,,,,,,,,,,,,,,
CIUniforms,inputRed,inputGreen,inputBlue,inputAlpha,,,,,,,,,,,,,,
CIUnsharpMask,inputRadius,inputIntensity,,,,,,,,,,,,,,,,
CIUnsharpMask,inputRadius(valueType=0-4),inputIntensity(valueType=0-4),,,,,,,,,,,,,,,,
CIVectorFieldBlend,inputRadius,inputExtent,inputFieldImage,inputBackgroundImage,,,,,,,,,,,,,,
CIVectorHalftone,inputCenter,inputWidth,inputSharpness,inputAngle,inputHighlightColor,inputShadowColor,,,,,,,,,,,,
CIVibrance,amount(valueType=0-4),,,,,,,,,,,,,,,,,
CIVibrance,inputAmount(Scalar=0.0),,,,,,,,,,,,,,,,,
CIVideoCompositing,inputTargetImage,inputTime(valueType=0-4),,,,,,,,,,,,,,,,
CIVideoGrain,inputAmount,,,,,,,,,,,,,,,,,
CIVideoGrainReduction,inputNoiseLevel(Scalar=0.1),inputSharpness(Scalar=0.4),,,,,,,,,,,,,,,,
CIVideoGrainReduction,inputNoiseLevel(valueType=0-4),inputSharpness(valueType=0-4),,,,,,,,,,,,,,,,
CIVideoNoiseReduction,inputNoiseLevel,inputSharpness,,,,,,,,,,,,,,,,
CIVideoRotate,inputAngle,,,,,,,,,,,,,,,,,
CIVideoZoom,inputCenter(Vector=CGPointZero),inputScale(Scalar=1.0),,,,,,,,,,,,,,,,
CIVignette,inputRadius,inputIntensity,,,,,,,,,,,,,,,,
CIVignette,inputImage(TypeImage),inputIntensity(TypeScalar),inputRadius(TypeScalar),,,,,,,,,,,,,,,
CIVignette,inputRadius(valueType=0-4),inputIntensity(valueType=0-4),,,,,,,,,,,,,,,,
CIVignette,inputIntensity,inputRadius,,,,,,,,,,,,,,,,
CIVignette,inputIntensity(0.0 to 1.0),inputRadius(0 to 360),,,,,,,,,,,,,,,,
CIVignette,inputIntensity(0.0 to 1.0),inputRadius(0 to 360),,,,,,,,,,,,,,,,
CIVignette,inputIntensity(Scalar=0.0),inputRadius(Scalar=1.0),,,,,,,,,,,,,,,,
CIVignetteEffect,inputRadius(Scalar=0.0),inputIntensity(Scalar=1.0),inputFalloff(Scalar=0.5),,,,,,,,,,,,,,,
CIVignetteEffect,inputRadius(valueType=0-4),inputIntensity(valueType=0-4),,,,,,,,,,,,,,,,
CIVignetteEffect,inputImage(TypeImage),inputRadius(TypeScalar),inputIntensity(TypeScalar),,,,,,,,,,,,,,,
CIVisualEffect,inputBlurRadius(Scalar=2.5),,,,,,,,,,,,,,,,,
CIVortexDistortion,inputCenter(Vector=0.0 0.0),inputAngle(Radians=0.0),inputRadius(Scalar=300.0),,,,,,,,,,,,,,,
CIVortexDistortion,inputCenter,inputRadius,inputAngle,,,,,,,,,,,,,,,
CIVortexDistortion,center(vector=150.0 150.0),radius(valueType=0-4),angle(valueType=0-4),,,,,,,,,,,,,,,
CIWhitePointAdjust,inputImage(TypeImage),inputColor(TypePosition),,,,,,,,,,,,,,,,
CIWhitePointAdjust,inputColor(Vector=1.0 1.0 1.0),,,,,,,,,,,,,,,,,
CIWidthAndSharpenLuminance,inputImage(TypeImage),inputSharpness(TypeScalar),inputWidth(TypeScalar),,,,,,,,,,,,,,,
CIWindowLevel,inputLevel,inputWindow,,,,,,,,,,,,,,,,
CIWrap,inputAngle(Radians=0.0),inputWidth(Scalar=100.0),inputSharpness(Scalar=0.7),inputCenter(Vector=CGPointZero),inputRotation(Radians=0.0),,,,,,,,,,,,,
CIWrapMirror,inputRadius,,,,,,,,,,,,,,,,,
CIWrapMirror,inputRadius(Scalar=100.0),,,,,,,,,,,,,,,,,
CIYCbCrToRGB,,,,,,,,,,,,,,,,,,
CIZoomBlur,center(vector=100.0 100.0),amount(valueType=0-4),,,,,,,,,,,,,,,,
CIZoomBlur,inputCenter(Vector=CGPointZero),inputAmount(Scalar=20.0),,,,,,,,,,,,,,,,
CIZoomBlur,inputImage(TypeImage),inputCenter(TypePosition),inputAmount(TypeScalar),,,,,,,,,,,,,,,