parameter,variable type
inputColor,CIColor
inputColor0,CIColor
inputColor1,CIColor
inputBackgroundImage,CIImage
inputGradientImage,CIImage
inputImage,CIImage
inputLuminanceNoiseTexture,CIImage
inputMask,CIImage
inputShadingImage,CIImage
inputTargetImage,CIImage
inputCenter,CIVector
inputExtent,CIVector
inputMaxComponents,CIVector
inputMinComponents,CIVector
inputNeutral,CIVector
inputRVector,CIVector
inputTransform,NSAffineTransform
inputKeys,NSArray
inputMessage,NSData
inputAmount,NSNumber
inputAmount0,NSNumber
inputAmount1,NSNumber
inputAngle,NSNumber
inputAngle0,NSNumber
inputAngle1,NSNumber
inputAspectRatio,NSNumber
inputBias,NSNumber
inputBrightness,NSNumber
inputContrast,NSNumber
inputEV,NSNumber
inputFadeThreshold,NSNumber
inputGamma,NSNumber
inputHighlightAmount,NSNumber
inputIntensity,NSNumber
inputNoiseLevel,NSNumber
inputNoiseReductionAmount,NSNumber
inputPower,NSNumber
inputRadius,NSNumber
inputRandomSeed,NSNumber
inputRefraction,NSNumber
inputSaturation,NSNumber
inputScale,NSNumber
inputScaleFactor,NSNumber
inputSharpness,NSNumber
inputSharpness0,NSNumber
inputSharpness1,NSNumber
inputSharpness2,NSNumber
inputTime,NSNumber
inputVersion,NSNumber
inputWeights,NSNumber
inputWidth,NSNumber
inputWidth0,NSNumber
inputWidth1,NSNumber
