CIFilterName,Param1,Param2,Param3,Param4,Param5,Param6,Param7,Param8,Param9,Param10,Param11,Param12,Param13,Param14,,,,
CIKaleidoscope,inputCount(1 to 100),inputAngle(0.0 to 6.28),inputCenter(Point),inputRotation(0.0 to 6.28),inputScale(0.25 to 25.0),,,,,,,,,,,,
CIOpTile,center(vector=2),scale(valueType=0),angle(valueType=0),width(valueType=0),acuteAngle(valueType=0),count(valueType=0),,,,,,,,,,,,
CIDepthOfField,point0(CGPoint),point1(CGPoint),saturation(Float),unsharpMaskRadius(Float),unsharpMaskIntensity(Float),radius(Float),,,,,,,,,,,,
CILineOverlay,NRNoiseLevel(valueType=0),NRSharpness(valueType=0),edgeIntensity(valueType=0),threshold(valueType=0),contrast(valueType=0),grayscale(valueType=0),,,,,,,,,,,,
CILineOverlay,NRNoiseLevel(0.07),NRSharpness(0.71),edgeIntensity(1.0),threshold(0.1),contrast(50.0),,,,,,,,,,,,,
CIDotScreen,center(CGPoint),angle(Float),width(Float),sharpness(Float),,,,,,,,,,,,,,
CIHatchedScreen,center(CGPoint),angle(Float),width(Float),sharpness(Float),,,,,,,,,,,,,,
CILineScreen,center(x=150.0 y=150.0),angle,width(6.0),sharpness(0.7),,,,,,,,,,,,,,
CIGaussianGradient,center(CGPoint),color0(CIColor),color1(CIColor),radius(Float),,,,,,,,,,,,,,
CIDroste,insetPoint0(CGPoint),insetPoint1(CGPoint),strands(Float),periodicity(Float),rotation(Float),zoom(Float),,,,,,,,,,,,
CIFourfoldReflectedTile,inputCenter(CGPoint),inputAngle(Float),inputAcuteAngle(Float),inputWidth(Float),,,,,,,,,,,,,,
CICheckerboardGenerator,inputCenter(CIVector),inputColor0(Color),inputColor1(Color),inputWidth(Float),inputSharpness(Float),,,,,,,,,,,,,
CICheckerboardGenerator,inputCenter(Vector2),inputColor0(Color),inputColor1(Color),inputWidth(Float),,,,,,,,,,,,,,
CIParallelogramTile,inputCenter(CIVector),inputAngle(CGFloat),inputAcuteAngle(CGFloat),inputWidth(CGFloat),,,,,,,,,,,,,,
CIOpTile,inputCenter(CIVector),inputScale(CGFloat),inputAngle(CGFloat),inputWidth(CGFloat),inputOpacity(CGFloat),,,,,,,,,,,,,
CIOpTile2,inputCenter(CIVector),inputScale(CGFloat),inputAngle(CGFloat),inputWidth(CGFloat),inputOpacity(CGFloat),,,,,,,,,,,,,
CIOpTile,inputCenter(Vector),inputScale(2.8),inputAngle(0.0),inputWidth(65.0),inputOpacity(1.0),inputEdge(1.0),inputShading(Color),inputAcuteAngle(1.57),inputLightIntensity(1.0),inputSmallSpotThreshold(0.3),inputSpotSoftness(0.3),inputSpotSize(2.5),inputNRNoiseLevel(0.07),inputNRSharpness(0.71),inputEdgeIntensity(1.0),inputThreshold(0.1),inputContrast(50.0),inputTime(0.0)
CILineScreen,inputCenter(Point),inputAngle(-3.14 to 3.14),inputWidth(2.0 to 160.0),inputSharpness(0.0 to 1.0),,,,,,,,,,,,,
CIParallelogramTile,inputCenter(Vector),inputAngle(0.0),inputAcuteAngle(1.57),inputWidth(100.0),inputHeight(100.0),inputSharpness(0.7),inputImage(Type,,,,,,,,,,,
CICheckerboardGenerator,inputCenter(Point),inputColor0(Color),inputColor1(Color),inputWidth(1.0 to 512.0),inputSharpness(0.0 to 1.0),,,,,,,,,,,,,
CIDepthOfField,inputPoint0(CGPoint),inputPoint1(CGPoint),inputSaturation(Float),inputUnsharpMaskRadius(Float),inputUnsharpMaskIntensity(Float),inputRadius(Float),,,,,,,,,,,,
CIDepthOfField,inputPoint0(Position),inputPoint1(Position),inputSaturation(0.0 to 2.0),inputUnsharpMaskRadius(0.5 to 20.0),inputUnsharpMaskIntensity(0.0 to 2.0),inputRadius(0.0 to 20.0),,,,,,,,,,,,
CILineOverlay,inputNRNoiseLevel(0.0 to 1.0),inputNRSharpness(0.0 to 1.0),inputEdgeIntensity(0.0 to 1.0),inputThreshold(0.0 to 1.0),inputContrast(0.0 to 1.0),inputEdgeThreshold(0.0 to 1.0),,,,,,,,,,,,
CIThinLens,inputFocalLength(valueType=1),inputAperture(valueType=1),inputRadius(valueType=1),inputTargetBlur(valueType=1),inputImmersion(valueType=1),inputChromaticAberration(vector=2),,,,,,,,,,,,
CISunbeamsGenerator,inputSunRadius(valueType=1),inputMaxStriationRadius(valueType=1),inputStriationStrength(valueType=1),inputStriationContrast(valueType=1),inputTime(valueType=1),,,,,,,,,,,,,
CISunbeamsGenerator,inputSunRadius(valueType=1),inputMaxStriationRadius(valueType=1),inputStriationStrength(valueType=1),inputStriationContrast(valueType=1),inputTime(valueType=1),,,,,,,,,,,,,
CICircularScreen,inputSharpness(Scalar=0.7),inputCenter(Vector=CGPointZero),inputWidth(Scalar=6.0),inputSharpness(Scalar=0.7),,,,,,,,,,,,,,
CICMYKHalftone,inputCenter(Vector2),inputWidth(Scalar),inputAngle(Scalar),inputSharpness(Scalar),inputGCR(Scalar),inputUCR(Scalar),,,,,,,,,,,,
CIEightfoldReflectedTile,inputAngle(Float),inputWidth(Float),inputAcuteAngle(Float),inputSharpness(Float),,,,,,,,,,,,,,
CIFourfoldReflectedTile,inputAngle(Float),inputWidth(Float),inputAcuteAngle(Float),inputSharpness(Float),,,,,,,,,,,,,,
CIFourfoldRotatedTile,inputAngle(Float),inputWidth(Float),inputAcuteAngle(Float),inputSharpness(Float),,,,,,,,,,,,,,
CIFourfoldTranslatedTile,inputAngle(Float),inputWidth(Float),inputAcuteAngle(Float),inputSharpness(Float),,,,,,,,,,,,,,
CIGlideReflectedTile,inputAngle(Float),inputWidth(Float),inputAcuteAngle(Float),inputSharpness(Float),,,,,,,,,,,,,,
CICMYKHalftone,inputCenter(CIVector),inputWidth(Float),inputAngle(Float),inputSharpness(Float),inputGCR(Float),inputUCR(Float),,,,,,,,,,,,
CIComicEffect,inputCenter(Float),inputAngle(Float),inputWidth(Float),inputSharpness(Float),,,,,,,,,,,,,,
CICMYKHalftone,inputCenter(Position),inputWidth(0.0 to 2.0),inputAngle(0 to 3.14),inputSharpness(0.01 to 1.0),inputGCR(0.0 to 1.0),inputUCR(0.0 to 1.0),,,,,,,,,,,,
CIDotScreen,inputCenter(Position),inputAngle(0 to 3.14),inputWidth(0.0 to 2.0),inputSharpness(0.01 to 1.0),,,,,,,,,,,,,,
CIDotScreen,inputCenter(Vector),inputAngle(0.0 to pi),inputWidth(2.0 to 200.0),inputSharpness(0.0 to 1.0),,,,,,,,,,,,,,
CITaper,inputAngle(valueType=0-4),inputWidth(valueType=0-4),inputOpacity(valueType=0-4),inputScale(valueType=0-4),,,,,,,,,,,,,,
CIBumpDistortionLinear,inputCenter(CGPoint),inputRadius(Float),inputAngle(Float),inputScale(Float),,,,,,,,,,,,,,
CIBumpDistortionLinear,inputCenter(Point),inputRadius(0.0 to 300.0),inputAngle(-3.14 to 3.14),inputScale(-1.0 to 1.0),,,,,,,,,,,,,,
CIPDF417BarcodeGenerator,inputData(data),inputCorrectionLevel(valueType=0),inputCompactStyle(valueType=0),inputRows(valueType=0),inputColumns(valueType=0),inputPreferredAspectRatio(valueType=0),inputCompactionMode(valueType=0),inputCompactStyle(valueType=0),inputCharacterSet(string),inputAlwaysSpecifyCompaction(valueType=0),,,,,,,,
CITape,inputTime(valueType=0-4),inputWidth(valueType=0-4),inputOpacity(valueType=0-4),inputRoundedCornerRadius(valueType=0-4),,,,,,,,,,,,,,
CISpotGradient,inputCenter(vector=2),inputColor0(vector=4),inputColor1(vector=4),inputRadius(valueType=1),,,,,,,,,,,,,,
CIDroste,inputInsetPoint0(CGPoint),inputInsetPoint1(CGPoint),inputStrands(Float),inputPeriodicity(Float),inputRotation(Float),inputZoom(Float),inputRevolutions(Float),inputCenter(CGPoint),,,,,,,,,,
CIDroste,inputInsetPoint0(Vector2),inputInsetPoint1(Vector2),inputStrands(Float),inputPeriodicity(Float),inputRotation(Float),inputZoom(Float),inputCenter(Vector2),inputRevolutions(Float),,,,,,,,,,
CIDroste,inputInsetPoint0(Position),inputInsetPoint1(Position),inputStrands(1 to 100),inputPeriod,,,,,,,,,,,,,,
CISpotLight,inputBrightness(valueType=0-4),inputConcentration(valueType=0-4),inputColor(color=1.0 1.0 1.0 1.0),inputLightPosition(vector=150.0 150.0 150.0),inputLightPointsAt(vector=150.0 150.0 0.0),inputFalloff(valueType=0-4),inputInnerRadius(valueType=0-4),,,,,,,,,,,
CITetrahedralize,inputThreshold(valueType=0-4),inputSmoothness(valueType=0-4),inputAccurateZ(valueType=0-4),inputIsoSurface(valueType=0-4),,,,,,,,,,,,,,
CILabDeltaE,inputImage2(Image),inputLWeight(1.0 to 5.0),inputCWeight(1.0 to 10.0),inputHWeight(1.0 to 5.0),,,,,,,,,,,,,,
CILenticularHaloGenerator,inputCenter(Point),inputColor(Color),inputHaloRadius(10.0 to 70.0),inputHaloWidth(0.0 to 35.0),inputHaloOverlap(0.0 to 1.0),inputStriationStrength(0.0 to 1.0),inputStriationContrast(0.0 to 10.0),inputTime(0.0 to 100000.0),,,,,,,,,
CIColorCurves,inputCurvesData(data),inputCurvesDomain(vector),inputCurvesControlPoint0(vector),inputCur,,,,,,,,,,,,,,
CISpotColor,inputCenterColor1(vector=4),inputReplacementColor1(vector=4),inputCloseness1(valueType=1),inputContrast1(valueType=1),inputCenterColor2(vector=4),inputReplacementColor2(vector=4),inputCloseness2(valueType=1),inputContrast2(valueType=1),inputCenterColor3(vector=4),inputReplacementColor3(vector=4),inputCloseness3(valueType=1),inputContrast3(valueType=1),,,,,,
CISpotColor,inputCenterColor1(vector=4),inputReplacementColor1(vector=4),inputCloseness1(valueType=1),inputContrast1(valueType=1),inputCenterColor2(vector=4),inputReplacementColor2(vector=4),inputCloseness2(valueType=1),inputContrast2(valueType=1),inputCenterColor3(vector=4),inputReplacementColor3(vector=4),inputCloseness3(valueType=1),inputContrast3(valueType=1),,,,,,
CISpotColor,inputCenterColor(color=1.0 0.8 0.6 1.0),inputReplacementColor(color=0.2 0.2 0.2 1.0),inputCloseness(valueType=0-4),inputContrast(valueType=0-4),,,,,,,,,,,,,,
CIAztecCodeGenerator,inputMessage(Data),inputCorrectionLevel(Number),inputLayers(Number),inputCompactStyle(Boolean),inputBitmapSize(Number),inputForegroundColor(Color),inputBackgroundColor(Color),,,,,,,,,,,
CISpotGradient,inputCenter(vector=150.0 150.0),inputRadius0(valueType=0-4),inputRadius1(valueType=0-4),inputColor0(color=1.0 1.0 1.0 1.0),inputColor1(color=0.0 0.0 0.0 1.0),,,,,,,,,,,,,
CISpotLight,inputLightPosition(vector=3),inputBrightness(valueType=1),inputConcentration(valueType=1),inputColor(vector=3),inputLightPointsAt(vector=3),inputLightingType(valueType=0),,,,,,,,,,,,
CISpotLight,inputLightPosition(vector=3),inputBrightness(valueType=1),inputConcentration(valueType=1),inputColor(vector=3),inputLightPointsAt(vector=3),inputLightingType(valueType=0),,,,,,,,,,,,
CISpot,inputLightPosition(vector=150.0 150.0 150.0),inputBrightness(valueType=0-4),inputConcentration(valueType=0-4),inputColor(color=1.0 1.0 1,,,,,,,,,,,,,,
CIWrap,inputAngle(Radians=0.0),inputWidth(Scalar=100.0),inputSharpness(Scalar=0.7),inputCenter(Vector=CGPointZero),inputRotation(Radians=0.0),,,,,,,,,,,,,
CITriangleKaleidoscope,inputCount(valueType=0-4),inputRotation(valueType=0-4),inputSize(valueType=0-4),inputCenter(vector=150.0 150.0),,,,,,,,,,,,,,
CIPerspectiveCorrection,inputTopLeft(CIVector),inputTopRight(CIVector),inputBottomRight(CIVector),inputBottomLeft(CIVector),,,,,,,,,,,,,,
CIPerspectiveTile,inputTopLeft(CIVector),inputTopRight(CIVector),inputBottomRight(CIVector),inputBottomLeft(CIVector),,,,,,,,,,,,,,
CIPerspectiveTransform,inputTopLeft(CIVector),inputTopRight(CIVector),inputBottomRight(CIVector),inputBottomLeft(CIVector),,,,,,,,,,,,,,
CIBarcodeGenerator,inputMessage(Data),inputQuietSpace(Float),inputBarcodeHeight(Float),inputBarcodeWidth(Float),inputBarcodePayload(String),inputBarcodeChecksum(Boolean),inputBarcodeTruncate(Boolean),inputIntent(String),inputCorrectionLevel(String),,,,,,,,,
CICode128BarcodeGenerator,inputMessage(Data),inputQuietSpace(Float),inputBarcodeHeight(Float),inputBarcodeWidth(Float),inputBarcodePayload(String),inputBarcodeChecksum(Boolean),inputBarcodeTruncate(Boolean),inputQuietSpaceLeft(Float),inputQuietSpaceRight(Float),,,,,,,,,
CIVectorFieldBlend,inputRadius,inputExtent,inputFieldImage,inputBackgroundImage,,,,,,,,,,,,,,
CIColorMatrix,inputRVector(Vector),inputGVector(Vector),inputBVector(Vector),inputAVector(Vector),inputBiasVector(Vector),,,,,,,,,,,,,
CICMYKHalftone,inputSharpness(Scalar=0.7),inputCenter(Vector=CGPointZero),inputWidth(Scalar=6.0),inputAngle(Radians=0.0),inputGCR(Scalar=1.0),inputUCR(Scalar=0.5),inputSharpness(Scalar=0.7),inputSharpness(Scalar=0.7),,,,,,,,,,
CIVectorHalftone,inputCenter,inputWidth,inputSharpness,inputAngle,inputHighlightColor,inputShadowColor,,,,,,,,,,,,
CIColorPolynomial,inputRedCoefficients(VectorN),inputGreenCoefficients(VectorN),inputBlueCoefficients(VectorN),inputAlphaCoefficients(VectorN),,,,,,,,,,,,,,
CIColorPolynomial,inputRedCoefficients(Vector),inputGreenCoefficients(Vector),inputBlueCoefficients(Vector),inputAlphaCoefficients(Vector),,,,,,,,,,,,,,
CIColorPolynomial,inputRedCoefficients(matrix),inputGreenCoefficients(matrix),inputBlueCoefficients(matrix),inputAlphaCoefficients(matrix),,,,,,,,,,,,,,
CIUniforms,inputRed,inputGreen,inputBlue,inputAlpha,,,,,,,,,,,,,,
CILenticularHaloGenerator,center(CGPoint),color(CIColor),haloRadius(Float),haloWidth(Float,,,,,,,,,,,,,,
CILenticularHaloGenerator,center(x=0.5 y=0.5),haloRadius(70.0),haloWidth(87.0),haloOverlap(0.77),striationStrength(0.5),striationContrast(1.37),time(0.0),,,,,,,,,,,
CILinearGradient,inputPoint0(vector=2),inputPoint1(vector=2),color0(color),color1(color),,,,,,,,,,,,,,
CILinearGradient,point0(x=0.0 y=0.0),point1(x=200.0 y=200.0),color0(Color),color1(Color),,,,,,,,,,,,,,
CIPerspectiveCorrection,topLeft(vector=2),topRight(vector=2),bottomRight(vector=2),bottomLeft(vector=2),,,,,,,,,,,,,,
CIPerspectiveTile,topLeft(vector=2),topRight(vector=2),bottomRight(vector=2),bottomLeft(vector=2),,,,,,,,,,,,,,
CIKeystoneCorrectionCombined,topLeft(CGPoint),topRight(CGPoint),bottomRight(CGPoint),bottomLeft(CGPoint),,,,,,,,,,,,,,
CIEightfoldReflectedTile,angle(Float),width(Float),acuteAngle(Float),,,,,,,,,,,,,,,
CIFourfoldReflectedTile,angle(Float),width(Float),acuteAngle(Float),,,,,,,,,,,,,,,
CIFourfoldTranslatedTile,angle(Float),width(Float),acuteAngle(Float),,,,,,,,,,,,,,,
CIKaleidoscope,center(CGPoint),count(Float),angle(Float),,,,,,,,,,,,,,,
CIVortexDistortion,center(vector=150.0 150.0),radius(valueType=0-4),angle(valueType=0-4),,,,,,,,,,,,,,,
CITemplateMatching,inputTemplateImage(matrix=1 2 3 4),inputSearchSize(vector=2),inputAccuracy(valueType=1),,,,,,,,,,,,,,,
CIFourfoldTranslatedTile,inputCenter(CGPoint),inputAngle(Float),inputAcuteAngle(Float),,,,,,,,,,,,,,,
CIZoomBlur,inputImage(TypeImage),inputCenter(TypePosition),inputAmount(TypeScalar),,,,,,,,,,,,,,,
CIVortexDistortion,inputCenter,inputRadius,inputAngle,,,,,,,,,,,,,,,
CIThreefoldMirror,inputCount(valueType=0-4),inputCenter(vector=150.0 150.0),inputAngle(valueType=0-4),,,,,,,,,,,,,,,
CIColorCrossPolynomial,inputRedCoefficients(matrix),inputGreenCoefficients(matrix),inputBlueCoefficients(matrix),,,,,,,,,,,,,,,
CIColorCrossPolynomial,inputRedCoefficients(Vector),inputGreenCoefficients(Vector),inputBlueCoefficients(Vector),,,,,,,,,,,,,,,
CIBumpDistortionLinear,inputScale(Scalar=0.5),inputAngle(Radians=0.0),inputCenter(Vector=CGPointZero),,,,,,,,,,,,,,,
CIColorCubeWithColorSpace,inputCubeDimension(Float),inputCubeData(Data),inputColorSpace(ColorSpace,,,,,,,,,,,,,,,
CIColorCubeWithColorSpace,inputCubeDimension(2 to 128),inputCubeData(Image),inputColorSpace(ColorSpace),,,,,,,,,,,,,,,
CIColorCubeWithColorSpace,inputCubeData(data),inputCubeDimension(2 to 128),inputColorSpace(ColorSpace),,,,,,,,,,,,,,,
CIColorCubeWithColorSpace,inputData(Data),inputCubeDimension(Scalar),inputColorSpace(ColorSpace),,,,,,,,,,,,,,,
CIColorControls,inputSaturation(Float),inputBrightness(Float),inputContrast(Float),,,,,,,,,,,,,,,
CIColorControls,inputSaturation(Scalar=1.0),inputBrightness(Scalar=0.0),inputContrast(Scalar=1.0),,,,,,,,,,,,,,,
CIEllipseSplashDistortion,inputRadius(Float),inputCenter(Vector2),inputCylinderRadius(Float),,,,,,,,,,,,,,,
CIVignetteEffect,inputRadius(Scalar=0.0),inputIntensity(Scalar=1.0),inputFalloff(Scalar=0.5),,,,,,,,,,,,,,,
CITextImageGenerator,inputText(string=0),inputFontName(string=0),inputFontSize(valueType=1),,,,,,,,,,,,,,,
CIMotionBlur,inputRadius(20.0),inputAngle(0.0),inputImage(TypeImage),,,,,,,,,,,,,,,
CINoiseReduction,inputNoiseLevel(0.02),inputSharpness(0.4),inputImage(TypeImage),,,,,,,,,,,,,,,
CIVignetteEffect,inputImage(TypeImage),inputRadius(TypeScalar),inputIntensity(TypeScalar),,,,,,,,,,,,,,,
CIVortexDistortion,inputCenter(Vector=0.0 0.0),inputAngle(Radians=0.0),inputRadius(Scalar=300.0),,,,,,,,,,,,,,,
CIVignette,inputImage(TypeImage),inputIntensity(TypeScalar),inputRadius(TypeScalar),,,,,,,,,,,,,,,
CICrystallize,inputRadius(Float),inputCenter(Vector2),inputRefraction(Float),,,,,,,,,,,,,,,
CIColorControls,inputBrightness(-1.0 to 1.0),inputContrast(0.0 to 2.0),inputSaturation(0.0 to 2.0),,,,,,,,,,,,,,,
CIColorControls,inputBrightness(-1.0 to 1.0),inputContrast(0.0 to 4.0),inputSaturation(0.0 to 2.0),,,,,,,,,,,,,,,
CIBumpDistortion,inputCenter(Point),inputRadius(0.0 to 300.0),inputScale(-1.0 to 1.0),,,,,,,,,,,,,,,
CIBumpDistortion,inputCenter(Vector),inputRadius(0.0 to 300.0),inputScale(-1.0 to 1.0),,,,,,,,,,,,,,,
CIAreaHistogram,inputExtent(Rectangle),inputCount(64 to 1024),inputScale(1.0 to 10.0),,,,,,,,,,,,,,,
CIAreaHistogram,inputExtent(Rectangle),inputCount(Integer),inputScale(Float),,,,,,,,,,,,,,,
CICircularScreen,inputCenter(Point),inputWidth(2.0 to 100.0),inputSharpness(0.0 to 1.0),,,,,,,,,,,,,,,
CICircularScreen,inputCenter(Position),inputWidth(0.0 to 2.0),inputSharpness(0.0 to 1.0),,,,,,,,,,,,,,,
CICircularScreen,inputCenter(CIVector),inputWidth(Float),inputSharpness(Float),,,,,,,,,,,,,,,
CICircularScreen,inputCenter(Vector2),inputWidth(Scalar),inputSharpness(Scalar),,,,,,,,,,,,,,,
CIEightfoldReflectedTile,inputCenter(Vector),inputAngle(0.0 to 2 * pi),inputWidth(2.0 to 200.0),,,,,,,,,,,,,,,
CIEightfoldReflectedTile,inputCenter(CGPoint),inputAngle(Float),inputWidth(Float),,,,,,,,,,,,,,,
CIFourfoldRotatedTile,inputCenter(CGPoint),inputAngle(Float),inputWidth(Float),,,,,,,,,,,,,,,
CIWidthAndSharpenLuminance,inputImage(TypeImage),inputSharpness(TypeScalar),inputWidth(TypeScalar),,,,,,,,,,,,,,,
CITriangleTile,inputCenterOffset(vector=2),inputAngle(valueType=2),inputWidth(valueType=2),,,,,,,,,,,,,,,
CILightTunnel,center(vector=2),rotation(valueType=0),radius(valueType=0),,,,,,,,,,,,,,,
CIGlideReflectedTile,center(CGPoint),angle(Float),width(Float),,,,,,,,,,,,,,,
CIAdditionCompositing,inputBackgroundImage(Image),,,,,,,,,,,,,,,,,
CIAffineClamp,inputTransform(CGAffineTransform),,,,,,,,,,,,,,,,,
CIAffineTile,inputTransform(CGAffineTransform),,,,,,,,,,,,,,,,,
CIAreaAverage,inputExtent(Rectangle),,,,,,,,,,,,,,,,,
CIAreaMaximum,inputExtent(Rectangle),,,,,,,,,,,,,,,,,
CIAreaMaximumAlpha,inputExtent(Rectangle),,,,,,,,,,,,,,,,,
CIAreaMinimum,inputExtent(Rectangle),,,,,,,,,,,,,,,,,
CIAreaMinimumAlpha,inputExtent(Rectangle),,,,,,,,,,,,,,,,,
CIBlendWithAlphaMask,inputMaskImage(Image),inputBackgroundImage(Image),,,,,,,,,,,,,,,,
CIBlendWithAlphaMask,inputBackgroundImage(CIImage),inputMaskImage(CIImage),,,,,,,,,,,,,,,,
CIBlendWithMask,inputMaskImage(Image),inputBackgroundImage(Image),,,,,,,,,,,,,,,,
CIBlendWithMask,inputBackgroundImage(Image),inputMaskImage(Image),,,,,,,,,,,,,,,,
CIBloom,inputRadius(0.0 to 30.0),inputIntensity(0.0 to 1.0),,,,,,,,,,,,,,,,
CIBloom,inputRadius(Scalar=10.0),inputIntensity(Scalar=1.0),,,,,,,,,,,,,,,,
CIBokehBlur,inputRadius(0.0 to 20.0),,,,,,,,,,,,,,,,,
CIBoxBlur,inputRadius(0.0 to 100.0),,,,,,,,,,,,,,,,,
CICameraCalibrationLensCorrection,inputTuningParameters(Data),inputDistortionImage(Image),,,,,,,,,,,,,,,,
CICheapBlur,inputBlur(Scalar=1.0),,,,,,,,,,,,,,,,,
CICircleSplashDistortion,inputCenter(Point),inputRadius(0.0 to 300.0),,,,,,,,,,,,,,,,
CICircleSplashDistortion,inputRadius(Scalar),inputCenter(Vector2),,,,,,,,,,,,,,,,
CICircleSplashDistortion,inputCenter(Vector),inputRadius(0.0 to 300.0),,,,,,,,,,,,,,,,
CICircleSplashDistortion,inputCenter(CGPoint),inputRadius(Float),,,,,,,,,,,,,,,,
CICode128BarcodeGenerator,inputMessage(String),,,,,,,,,,,,,,,,,
CIColorBlendMode,inputBackgroundImage(Image),,,,,,,,,,,,,,,,,
CIColorBurnBlendMode,inputBackgroundImage(CIImage),,,,,,,,,,,,,,,,,
CIColorBurnBlendMode,inputBackgroundImage(Image),,,,,,,,,,,,,,,,,
CIColorClamp,inputMinComponents(RGBA 0.0 to 1.0),inputMaxComponents(RGBA 0.0 to 1.0),,,,,,,,,,,,,,,,
CIColorClamp,inputMinComponents(RGBA),inputMaxComponents(RGBA),,,,,,,,,,,,,,,,
CIColorClamp,inputMinComponents(Vector),inputMaxComponents(Vector),,,,,,,,,,,,,,,,
CIColorClamp,inputMinComponents(Vector=0.0 0.0 0.0 0.0),inputMaxComponents(Vector=1.0 1.0 1.0 1.0),,,,,,,,,,,,,,,,
CIColorCrossPolynomial,inputCoefficients(Vector),,,,,,,,,,,,,,,,,
CIColorCrossPolynomial,inputCoefficients(VectorN),,,,,,,,,,,,,,,,,
CIColorCube,inputCubeDimension(Float),inputCubeData(Data),,,,,,,,,,,,,,,,
CIColorCube,inputCubeData(data),inputCubeDimension(2 to 128),,,,,,,,,,,,,,,,
CIColorCube,inputCubeData(Image),inputCubeDimension(2 to 128),,,,,,,,,,,,,,,,
CIColorCurves,inputCurvesData(Data),,,,,,,,,,,,,,,,,
CIColorDodgeBlendMode,inputBackgroundImage(CIImage),,,,,,,,,,,,,,,,,
CIColorInvert,,,,,,,,,,,,,,,,,,
CIColorMap,inputGradientImage(CIImage),,,,,,,,,,,,,,,,,
CIColorMap,inputGradientImage(Image),,,,,,,,,,,,,,,,,
CIColorMonochrome,inputColor(Color),inputIntensity(0.0 to 1.0),,,,,,,,,,,,,,,,
CIColorMonochrome,inputColor(RGBA),inputIntensity(0.0 to 1.0),,,,,,,,,,,,,,,,
CIColorMonochrome,inputColor(Color),inputIntensity(Scalar),,,,,,,,,,,,,,,,
CIColorPosterize,inputLevels(2 to 100),,,,,,,,,,,,,,,,,
CIColorPosterize,inputLevels(2 to 255),,,,,,,,,,,,,,,,,
CIColorPosterize,inputLevels(Scalar),,,,,,,,,,,,,,,,,
CIComicEffect,inputThreshold(0.0 to 1.0),inputIntensity(0.0 to 1.0),,,,,,,,,,,,,,,,
CIConstantColorGenerator,inputColor(Color),,,,,,,,,,,,,,,,,
CIConvolution3X3,inputWeights(matrix),inputBias(0.0 to 1.0),,,,,,,,,,,,,,,,
CIConvolution3X3,inputWeights(Matrix),inputBias(0.0 to 1.0),,,,,,,,,,,,,,,,
CIConvolution3X3,inputWeights(Matrix),inputBias(Float),,,,,,,,,,,,,,,,
CIConvolution3X3,inputWeights(Vector9),inputBias(Scalar),,,,,,,,,,,,,,,,
CIConvolution5X5,inputWeights(matrix),inputBias(0.0 to 1.0),,,,,,,,,,,,,,,,
CIConvolution5X5,inputWeights(Matrix),inputBias(0.0 to 1.0),,,,,,,,,,,,,,,,
CIConvolution5X5,inputWeights(Matrix),inputBias(Float),,,,,,,,,,,,,,,,
CIConvolution5X5,inputWeights(Vector25),inputBias(Scalar),,,,,,,,,,,,,,,,
CIConvolution7X7,inputWeights(Matrix),inputBias(Float),,,,,,,,,,,,,,,,
CIConvolution7X7,inputWeights(Vector49),inputBias(Scalar),,,,,,,,,,,,,,,,
CIConvolution9Horizontal,inputWeights(matrix),inputBias(0.0 to 1.0),,,,,,,,,,,,,,,,
CIConvolution9Horizontal,inputWeights(Vector),inputBias(0.0 to 1.0),,,,,,,,,,,,,,,,
CIConvolution9Horizontal,inputWeights(Vector9),inputBias(Scalar),,,,,,,,,,,,,,,,
CIConvolution9Vertical,inputWeights(matrix),inputBias(0.0 to 1.0),,,,,,,,,,,,,,,,
CIConvolution9Vertical,inputWeights(Vector),inputBias(0.0 to 1.0),,,,,,,,,,,,,,,,
CIConvolution9Vertical,inputWeights(Vector9),inputBias(Scalar),,,,,,,,,,,,,,,,
CICrop,inputRectangle(Rect),,,,,,,,,,,,,,,,,
CICrystallize,inputRadius(5.0 to 200.0),inputCenter(Position),,,,,,,,,,,,,,,,
CIDarkenBlendMode,inputBackgroundImage(Image),,,,,,,,,,,,,,,,,
CIDepthOfFieldEffect,focusRect(CGRect),radius(Float),,,,,,,,,,,,,,,,
CIDifferenceBlendMode,inputBackgroundImage(Image),,,,,,,,,,,,,,,,,
CIDisplacementDistortion,inputDisplacementImage(Image),inputScale(0.0 to 200.0),,,,,,,,,,,,,,,,
CIDisplacementDistortion,inputDisplacementImage(Image),inputScale(0.0 to 200.0),,,,,,,,,,,,,,,,
CIDisplacementDistortion,inputDisplacementImage(CIImage),inputScale(CGFloat),,,,,,,,,,,,,,,,
CIDither,intensity(Float),,,,,,,,,,,,,,,,,
CIDocumentEnhancer,amount(Float),,,,,,,,,,,,,,,,,
CIEdges,inputIntensity(Float),,,,,,,,,,,,,,,,,
CIEdgeWork,inputRadius(Float),,,,,,,,,,,,,,,,,
CIEdgeWork,inputRadius(Float),,,,,,,,,,,,,,,,,
CIErode,inputRadius(Float),,,,,,,,,,,,,,,,,
CIExclusionBlendMode,inputBackgroundImage(Image),,,,,,,,,,,,,,,,,
CIExposureAdjust,ev(Float),,,,,,,,,,,,,,,,,
CIExposureAdjust,inputEV(-10.0 to 10.0),,,,,,,,,,,,,,,,,
CIFalseColor,color0(CIColor),color1(CIColor),,,,,,,,,,,,,,,,
CIFalseColor,inputColor0(Color),inputColor1(Color),,,,,,,,,,,,,,,,
CIFourfoldRotatedTile,angle(Float),width(Float),,,,,,,,,,,,,,,,
CIGammaAdjust,inputPower(Float),,,,,,,,,,,,,,,,,
CIGammaAdjust,power(Float),,,,,,,,,,,,,,,,,
CIGaussianBlur,inputRadius(Float),,,,,,,,,,,,,,,,,
CIGaussianBlur,radius(Float),,,,,,,,,,,,,,,,,
CIGloom,inputRadius(Float),inputIntensity(Float),,,,,,,,,,,,,,,,
CIGloom,radius(Float),intensity(Float),,,,,,,,,,,,,,,,
CIHatchedScreen,inputAngle(Float),inputWidth(Float),,,,,,,,,,,,,,,,
CIHeightFieldFromMask,radius(Float),,,,,,,,,,,,,,,,,
CIHexagonalPixellate,center(CGPoint),scale(Float),,,,,,,,,,,,,,,,
CIHighlightShadowAdjust,inputHighlightAmount(Float),inputShadowAmount(Float),,,,,,,,,,,,,,,,
CIHighlightShadowAdjust,highlightAmount(Float),shadowAmount(Float),,,,,,,,,,,,,,,,
CIHoleDist,,,,,,,,,,,,,,,,,,
CIHoleDistortion,center(CGPoint),radius(Float),,,,,,,,,,,,,,,,
CIHueAdjust,angle(Float),,,,,,,,,,,,,,,,,
CIHueAdjust,inputAngle(-3.14 to 3.14),,,,,,,,,,,,,,,,,
CIKeystoneCorrectionHorizontal,top(CGFloat),bottom(CGFloat),,,,,,,,,,,,,,,,
CIKeystoneCorrectionVertical,left(CGFloat),right(CGFloat),,,,,,,,,,,,,,,,
CILabDeltaE,image2(CIImage),,,,,,,,,,,,,,,,,
CILanczosScaleTransform,scale(Float),aspectRatio(Float),,,,,,,,,,,,,,,,
CILanczosScaleTransform,inputScale(0.25 to 5.0),inputAspectRatio(0.1 to 10.0),,,,,,,,,,,,,,,,
CILinearBurnBlendMode,inputBackgroundImage(TypeImage),,,,,,,,,,,,,,,,,
CILinearDodgeBlendMode,inputBackgroundImage(TypeImage),,,,,,,,,,,,,,,,,
CILinearToSRGBToneCurve,,,,,,,,,,,,,,,,,,
CILuminosityBlendMode,inputBackgroundImage(CIImage),,,,,,,,,,,,,,,,,
CILuminosityBlendMode,inputBackgroundImage(TypeImage),,,,,,,,,,,,,,,,,
CIMaskToAlpha,,,,,,,,,,,,,,,,,,
CIMaximumComponent,,,,,,,,,,,,,,,,,,
CIMaximumCompositing,inputBackgroundImage(CIImage),,,,,,,,,,,,,,,,,
CIMaximumCompositing,inputBackgroundImage(TypeImage),,,,,,,,,,,,,,,,,
CIMedianFilter,,,,,,,,,,,,,,,,,,
CIMinimumComponent,,,,,,,,,,,,,,,,,,
CIMinimumCompositing,inputBackgroundImage(CIImage),,,,,,,,,,,,,,,,,
CIMinimumCompositing,inputBackgroundImage(TypeImage),,,,,,,,,,,,,,,,,
CIMirror,inputAngle(CIVector),,,,,,,,,,,,,,,,,
CIMix,inputBackgroundImage(CIImage),inputAmount(CGFloat),,,,,,,,,,,,,,,,
CIMorphologyGradient,inputRadius(CGFloat),,,,,,,,,,,,,,,,,
CIMorphologyMaximum,inputRadius(CGFloat),,,,,,,,,,,,,,,,,
CIMotionBlur,inputRadius(CGFloat),inputAngle(CGFloat),,,,,,,,,,,,,,,,
CIMotionBlur,inputRadius(valueType=0),inputAngle(valueType=0),,,,,,,,,,,,,,,,
CINoiseReduction,inputNoiseLevel(CGFloat),inputSharpness(CGFloat),,,,,,,,,,,,,,,,
CINoiseReduction,inputNoiseLevel(valueType=0),inputSharpness(valueType=0),,,,,,,,,,,,,,,,
CIOpacity,inputOpacity(1.0),,,,,,,,,,,,,,,,,
CIOpacity,inputOpacity(CGFloat),,,,,,,,,,,,,,,,,
CIOverlayBlendMode,inputBackgroundImage(CIImage),,,,,,,,,,,,,,,,,
CIOverlayBlendMode,inputBackgroundImage(TypeImage),,,,,,,,,,,,,,,,,
CIPerspective,,,,,,,,,,,,,,,,,,
CIPhoto,,,,,,,,,,,,,,,,,,
CIPhotoEffectChrome,,,,,,,,,,,,,,,,,,
CIPhotoEffectFade,,,,,,,,,,,,,,,,,,
CIStraighten,inputAngle(valueType=1),,,,,,,,,,,,,,,,,
CIStretchCrop,inputCropAmount(vector=2),inputCenterStretchAmount(vector=2),,,,,,,,,,,,,,,,
CIStretchCrop,inputCropAmount(vector=2),inputCenterStretchAmount(vector=2),,,,,,,,,,,,,,,,
CITangent,,,,,,,,,,,,,,,,,,
CITangentDelta,,,,,,,,,,,,,,,,,,
CITargetedCorrection,inputCorrectionImage,inputTargetImage,,,,,,,,,,,,,,,,
CITemperatureAndTint,inputNeutral(vector=2),inputTargetNeutral(vector=2),,,,,,,,,,,,,,,,
CITemplateMatching,inputTemplateImage(matrix=1 2 3 4),inputSearch,,,,,,,,,,,,,,,,
CITextDetector,,,,,,,,,,,,,,,,,,
CITextEffectLetterpress,inputHighlightAmount(valueType=1),inputShadowAmount(valueType=1),,,,,,,,,,,,,,,,
CIThermal,,,,,,,,,,,,,,,,,,
CIThermo,,,,,,,,,,,,,,,,,,
CIUnsharpMask,inputRadius,inputIntensity,,,,,,,,,,,,,,,,
CIUnsharpMask,inputRadius(valueType=0-4),inputIntensity(valueType=0-4),,,,,,,,,,,,,,,,
CIVibrance,amount(valueType=0-4),,,,,,,,,,,,,,,,,
CIVibrance,inputAmount(Scalar=0.0),,,,,,,,,,,,,,,,,
CIVideoCompositing,inputTargetImage,inputTime(valueType=0-4),,,,,,,,,,,,,,,,
CIVideoGrain,inputAmount,,,,,,,,,,,,,,,,,
CIVideoGrainReduction,inputNoiseLevel(Scalar=0.1),inputSharpness(Scalar=0.4),,,,,,,,,,,,,,,,
CIVideoGrainReduction,inputNoiseLevel(valueType=0-4),inputSharpness(valueType=0-4),,,,,,,,,,,,,,,,
CIVideoNoiseReduction,inputNoiseLevel,inputSharpness,,,,,,,,,,,,,,,,
CIVideoRotate,inputAngle,,,,,,,,,,,,,,,,,
CIVideoZoom,inputCenter(Vector=CGPointZero),inputScale(Scalar=1.0),,,,,,,,,,,,,,,,
CIVignette,inputRadius,inputIntensity,,,,,,,,,,,,,,,,
CIVignette,inputRadius(valueType=0-4),inputIntensity(valueType=0-4),,,,,,,,,,,,,,,,
CIVignette,inputIntensity,inputRadius,,,,,,,,,,,,,,,,
CIVignette,inputIntensity(0.0 to 1.0),inputRadius(0 to 360),,,,,,,,,,,,,,,,
CIVignette,inputIntensity(0.0 to 1.0),inputRadius(0 to 360),,,,,,,,,,,,,,,,
CIVignette,inputIntensity(Scalar=0.0),inputRadius(Scalar=1.0),,,,,,,,,,,,,,,,
CIVignetteEffect,inputRadius(valueType=0-4),inputIntensity(valueType=0-4),,,,,,,,,,,,,,,,
CIVisualEffect,inputBlurRadius(Scalar=2.5),,,,,,,,,,,,,,,,,
CIWhitePointAdjust,inputImage(TypeImage),inputColor(TypePosition),,,,,,,,,,,,,,,,
CIWhitePointAdjust,inputColor(Vector=1.0 1.0 1.0),,,,,,,,,,,,,,,,,
CIWindowLevel,inputLevel,inputWindow,,,,,,,,,,,,,,,,
CIWrapMirror,inputRadius,,,,,,,,,,,,,,,,,
CIWrapMirror,inputRadius(Scalar=100.0),,,,,,,,,,,,,,,,,
CIYCbCrToRGB,,,,,,,,,,,,,,,,,,
CIZoomBlur,center(vector=100.0 100.0),amount(valueType=0-4),,,,,,,,,,,,,,,,
CIZoomBlur,inputCenter(Vector=CGPointZero),inputAmount(Scalar=20.0),,,,,,,,,,,,,,,,
