{
  "homebrew_version": "2.5.10-18-ge945b1c",
  "used_options": [

  ],
  "unused_options": [

  ],
  "built_as_bottle": true,
  "poured_from_bottle": true,
  "loaded_from_api": null,
  "installed_as_dependency": true,
  "installed_on_request": true,
  "changed_files": [

  ],
  "time": 1670613102,
  "source_modified_time": 1561393002,
  "compiler": "clang",
  "aliases": [

  ],
  "runtime_dependencies": [

  ],
  "source": {
    "spec": "stable",
    "versions": {
      "stable": "5.2.1",
      "head": null,
      "version_scheme": 0
    },
    "path": "/usr/local/Homebrew/Library/Taps/homebrew/homebrew-core/Formula/giflib.rb",
    "tap_git_head": "2f80ba61909b47d921491915467c9f9ce6554457",
    "tap": "homebrew/core"
  },
  "arch": "x86_64",
  "built_on": {
    "os": "Macintosh",
    "os_version": "macOS 11.0.1",
    "cpu_family": "penryn",
    "xcode": "12.2",
    "clt": "12.2.0.0.1.1604076827"
  }
}